abandonista abandonista NCCS000
abasida abasida NCCS000
abbevilliense abbevilliense NCCS000
abertzale abertzale NCCS000
abolicionista abolicionista NCCS000
aborigen aborigen NCCS000
absentista absentista NCCS000
absolutista absolutista NCCS000
abstencionista abstencionista NCCS000
abulense abulense NCCS000
abásida abásida NCCS000
academicista academicista NCCS000
academista academista NCCS000
accionista accionista NCCS000
aceptante aceptante NCCS000
acertante acertante NCCS000
acoma acoma NCCS000
acompañante acompañante NCCS000
acordeonista acordeonista NCCS000
acreditante acreditante NCCS000
acróbata acróbata NCCS000
activista activista NCCS000
actuante actuante NCCS000
acuafortista acuafortista NCCS000
acuarelista acuarelista NCCS000
acupunturista acupunturista NCCS000
acusica acusica NCCS000
adamita adamita NCCS000
adlátere adlátere NCCS000
adolescente adolescente NCCS000
adoptante adoptante NCCS000
adquirente adquirente NCCS000
adquiriente adquiriente NCCS000
adventista adventista NCCS000
aeromodelista aeromodelista NCCS000
aeronauta aeronauta NCCS000
aeta aeta NCCS000
africanista africanista NCCS000
afrikaner afrikaner NCCS000
afín afín NCCS000
agente agente NCCS000
agiotista agiotista NCCS000
agonista agonista NCCS000
agote agote NCCS000
agravante agravante NCCS000
agrícola agrícola NCCS000
agua agua NCCS000
agüista agüista NCCS000
ahorrista ahorrista NCCS000
aino aino NCCS000
ainu ainu NCCS000
ajedrecista ajedrecista NCCS000
ala-pívot ala-pívot NCCS000
alarmista alarmista NCCS000
alavense alavense NCCS000
albacea albacea NCCS000
albacetense albacetense NCCS000
albigense albigense NCCS000
albista albista NCCS000
alcaldable alcaldable NCCS000
alcista alcista NCCS000
alegorista alegorista NCCS000
alero alero NCCS000
alero-pívot alero-pívot NCCS000
aleve aleve NCCS000
alfeñique alfeñique NCCS000
alfoz alfoz NCCS000
alférez alférez NCCS000
algebrista algebrista NCCS000
alienista alienista NCCS000
almacenista almacenista NCCS000
almeriense almeriense NCCS000
alpinista alpinista NCCS000
alquimista alquimista NCCS000
altruista altruista NCCS000
alátere alátere NCCS000
amante amante NCCS000
amanuense amanuense NCCS000
ammonita ammonita NCCS000
amorita amorita NCCS000
amorrita amorrita NCCS000
anabaptista anabaptista NCCS000
anafrodita anafrodita NCCS000
analista analista NCCS000
anarquista anarquista NCCS000
anatomicoforense anatomicoforense NCCS000
anatomista anatomista NCCS000
andalucista andalucista NCCS000
andante andante NCCS000
anecdotista anecdotista NCCS000
anestesista anestesista NCCS000
anexionista anexionista NCCS000
anglicista anglicista NCCS000
angloparlante angloparlante NCCS000
angolense angolense NCCS000
antagonista antagonista NCCS000
antiabolicionista antiabolicionista NCCS000
anticastrista anticastrista NCCS000
anticatalanista anticatalanista NCCS000
anticomunista anticomunista NCCS000
anticonsumista anticonsumista NCCS000
anticresista anticresista NCCS000
antifascista antifascista NCCS000
antifeminista antifeminista NCCS000
antifranquista antifranquista NCCS000
antimilitarista antimilitarista NCCS000
antipatriota antipatriota NCCS000
antisemita antisemita NCCS000
antitabaquista antitabaquista NCCS000
antitranspirante antitranspirante NCCS000
antípoda antípoda NCCS000
anunciante anunciante NCCS000
apache apache NCCS000
apelante apelante NCCS000
apolinarista apolinarista NCCS000
apologista apologista NCCS000
aportante aportante NCCS000
apostante apostante NCCS000
aprendiz aprendiz NCCS000
aprista aprista NCCS000
apátrida apátrida NCCS000
apóstata apóstata NCCS000
aqueménida aqueménida NCCS000
arabista arabista NCCS000
araboberéber araboberéber NCCS000
aranda aranda NCCS000
arapaho arapaho NCCS000
arbitrista arbitrista NCCS000
arbolista arbolista NCCS000
archivista archivista NCCS000
argumentista argumentista NCCS000
aristócrata aristócrata NCCS000
armonista armonista NCCS000
arpista arpista NCCS000
arreglista arreglista NCCS000
arribista arribista NCCS000
arte arte NCCS000
articulista articulista NCCS000
artista artista NCCS000
artífice artífice NCCS000
arunta arunta NCCS000
asaltante asaltante NCCS000
asambleísta asambleísta NCCS000
ascendiente ascendiente NCCS000
ascensionista ascensionista NCCS000
ascensorista ascensorista NCCS000
asceta asceta NCCS000
asediante asediante NCCS000
asimilista asimilista NCCS000
asistente asistente NCCS000
asociacionista asociacionista NCCS000
asonante asonante NCCS000
aspirante aspirante NCCS000
astronauta astronauta NCCS000
astur astur NCCS000
atacante atacante NCCS000
ateneísta ateneísta NCCS000
ateniense ateniense NCCS000
atleta atleta NCCS000
atomista atomista NCCS000
atrezzista atrezzista NCCS000
atrida atrida NCCS000
audioprotesista audioprotesista NCCS000
auriñaciense auriñaciense NCCS000
ausente ausente NCCS000
autista autista NCCS000
autodidacta autodidacta NCCS000
autoestopista autoestopista NCCS000
automovilista automovilista NCCS000
autonomista autonomista NCCS000
autostopista autostopista NCCS000
autosuficiente autosuficiente NCCS000
autócrata autócrata NCCS000
auxiliar auxiliar NCCS000
avalista avalista NCCS000
averroísta averroísta NCCS000
avilense avilense NCCS000
ayudante ayudante NCCS000
azteca azteca NCCS000
azulgrana azulgrana NCCS000
azúcar azúcar NCCS000
babel babel NCCS000
babieca babieca NCCS000
bable bable NCCS000
bagurense bagurense NCCS000
bajista bajista NCCS000
bajonista bajonista NCCS000
balandrista balandrista NCCS000
balarrasa balarrasa NCCS000
balear balear NCCS000
baloncestista baloncestista NCCS000
balonmanista balonmanista NCCS000
bambara bambara NCCS000
bandolonista bandolonista NCCS000
bandurrista bandurrista NCCS000
bantú bantú NCCS000
baranda baranda NCCS000
barcelonense barcelonense NCCS000
barcelonista barcelonista NCCS000
bardiota bardiota NCCS000
barnabita barnabita NCCS000
barrista barrista NCCS000
base base NCCS000
batak batak NCCS000
batería batería NCCS000
bazuca bazuca NCCS000
bañista bañista NCCS000
beatnik beatnik NCCS000
bedel bedel NCCS000
beisbolista beisbolista NCCS000
belga belga NCCS000
belgradende belgradense NCCS000
belicista belicista NCCS000
beligerante beligerante NCCS000
belitre belitre NCCS000
beluchi beluchi NCCS000
bengalí bengalí NCCS000
benjamita benjamita NCCS000
bestia bestia NCCS000
betlemita betlemita NCCS000
bilingüe bilingüe NCCS000
billarista billarista NCCS000
biometrista biometrista NCCS000
bipátrida bipátrida NCCS000
bisexual bisexual NCCS000
blasonista blasonista NCCS000
blaugrana blaugrana NCCS000
bocetista bocetista NCCS000
bochista bochista NCCS000
bolchevique bolchevique NCCS000
bolchevista bolchevista NCCS000
bolerista bolerista NCCS000
bolivarense bolivarense NCCS000
bolsista bolsista NCCS000
bonaerense bonaerense NCCS000
bonapartista bonapartista NCCS000
boricua boricuo NCCS000
bosniocroata bosniocroata NCCS000
botarate botarate NCCS000
boyscout boyscout NCCS000
bracista bracista NCCS000
brigadier brigadier NCCS000
brigadista brigadista NCCS000
broker broker NCCS000
bromista bromista NCCS000
bruselense bruselense NCCS000
bubi bubi NCCS000
budista budista NCCS000
bullebulle bullebulle NCCS000
burócrata burócrata NCCS000
bóer bóer NCCS000
cabalista cabalista NCCS000
caballista caballista NCCS000
cabecilla cabecilla NCCS000
cabeza cabeza NCCS000
cabezota cabezota NCCS000
cafre cafre NCCS000
cairota cairota NCCS000
cajista cajista NCCS000
calculista calculista NCCS000
caliciflora caliciflora NCCS000
callista callista NCCS000
calvinista calvinista NCCS000
camaldulense camaldulense NCCS000
camarada camarada NCCS000
cameralista cameralista NCCS000
camerunense camerunense NCCS000
caminante caminante NCCS000
camita camita NCCS000
camorrista camorrista NCCS000
campista campista NCCS000
canadiense canadiense NCCS000
canalla canalla NCCS000
canciller canciller NCCS000
cancionista cancionista NCCS000
candiota candiota NCCS000
canonista canonista NCCS000
canoísta canoísta NCCS000
cantante cantante NCCS000
cantollanista cantollanista NCCS000
cantonal cantonal NCCS000
cantonalista cantonalista NCCS000
capataz capataz NCCS000
capigorrista capigorrista NCCS000
capital capital NCCS000
capitalista capitalista NCCS000
caracará caracará NCCS000
caracterial caracterial NCCS000
caradura caradura NCCS000
carambolista carambolista NCCS000
caraíta caraíta NCCS000
carca carca NCCS000
carcamal carcamal NCCS000
carcunda carcunda NCCS000
cardiópata cardiópata NCCS000
caricaturista caricaturista NCCS000
carioca carioca NCCS000
carlista carlista NCCS000
carota carota NCCS000
carrerista carrerista NCCS000
cartaginense cartaginense NCCS000
carterista carterista NCCS000
casete casete NCCS000
castellanohablante castellanohablante NCCS000
castellanoparlante castellanoparlante NCCS000
castellonense castellonense NCCS000
casticista casticista NCCS000
castrista castrista NCCS000
casualista casualista NCCS000
casuista casuista NCCS000
catalanista catalanista NCCS000
catalano-hablante catalano-hablante NCCS000
catalanohablante catalanohablante NCCS000
catalanoparlante catalanoparlante NCCS000
catauba catauba NCCS000
catcher catcher NCCS000
catequista catequista NCCS000
catire catire NCCS000
causahabiente causahabiente NCCS000
causante causante NCCS000
cava cava NCCS000
cavernícola cavernícola NCCS000
caza caza NCCS000
cedente cedente NCCS000
cegarra cegarra NCCS000
celote celote NCCS000
celta celta NCCS000
celtista celtista NCCS000
cenobita cenobita NCCS000
censalista censalista NCCS000
censista censista NCCS000
censualista censualista NCCS000
censurista censurista NCCS000
centimano centimano NCCS000
centinela centinela NCCS000
central central NCCS000
centrocampista centrocampista NCCS000
centímano centímano NCCS000
ceramista ceramista NCCS000
cerealista cerealista NCCS000
cerebral cerebral NCCS000
cermeño cermeño NCCS000
cervantista cervantista NCCS000
cesante cesante NCCS000
cesarista cesarista NCCS000
cesionista cesionista NCCS000
ceutí ceutí NCCS000
chaima chaima NCCS000
chantajista chantajista NCCS000
chaná chaná NCCS000
charolista charolista NCCS000
charrúa charrúa NCCS000
cherké cherké NCCS000
cheroqui cheroqui NCCS000
cheyene cheyene NCCS000
chichimeca chichimeca NCCS000
chihuahua chihuahua NCCS000
chiita chiita NCCS000
chinda chinda NCCS000
chipriota chipriota NCCS000
chipriote chipriote NCCS000
chiticalla chiticalla NCCS000
chiíta chiíta NCCS000
chontal chontal NCCS000
choro choro NCCS000
chovinista chovinista NCCS000
chueta chueta NCCS000
churriguerista churriguerista NCCS000
chófer chófer NCCS000
cicerone cicerone NCCS000
ciclista ciclista NCCS000
ciclomotorista ciclomotorista NCCS000
cicloturista cicloturista NCCS000
ciclán ciclán NCCS000
cientificista cientificista NCCS000
cientista cientista NCCS000
cimbalista cimbalista NCCS000
cineasta cineasta NCCS000
cinesiterapeuta cinesiterapeuta NCCS000
cipriota cipriota NCCS000
circulante circulante NCCS000
cirujano cirujano NCCS000
citarista citarista NCCS000
civilista civilista NCCS000
clarinetista clarinetista NCCS000
clarividente clarividente NCCS000
clasicista clasicista NCCS000
clavicembalista clavicembalista NCCS000
clerical clerical NCCS000
cliente cliente NCCS000
clubista clubista NCCS000
cluniacense cluniacense NCCS000
coadyuvante coadyuvante NCCS000
coagente coagente NCCS000
coalicionista coalicionista NCCS000
cobarde cobarde NCCS000
cobaya cobaya NCCS000
cobista cobista NCCS000
cochambre cochambre NCCS000
cofirmante cofirmante NCCS000
cofrade cofrade NCCS000
cogarante cogarante NCCS000
colaboracionista colaboracionista NCCS000
coleccionista coleccionista NCCS000
colectivista colectivista NCCS000
colega colega NCCS000
colhua colhua NCCS000
colitigante colitigante NCCS000
colla colla NCCS000
colonialista colonialista NCCS000
colorista colorista NCCS000
columnista columnista NCCS000
coma coma NCCS000
comandante comandante NCCS000
combatiente combatiente NCCS000
comediante comediante NCCS000
comensal comensal NCCS000
comentarista comentarista NCCS000
comerciante comerciante NCCS000
cometa cometa NCCS000
comisario comisario NCCS000
comisionista comisionista NCCS000
comitente comitente NCCS000
comodante comodante NCCS000
comparatista comparatista NCCS000
compareciente compareciente NCCS000
comparsa comparsa NCCS000
comparte comparte NCCS000
compatriota compatriota NCCS000
compendista compendista NCCS000
compinche compinche NCCS000
complutense complutense NCCS000
componente componente NCCS000
computista computista NCCS000
comunicante comunicante NCCS000
comunista comunista NCCS000
concedente concedente NCCS000
conceptista conceptista NCCS000
concertista concertista NCCS000
conciliar conciliar NCCS000
concurrente concurrente NCCS000
concursante concursante NCCS000
condicionante condicionante NCCS000
conductista conductista NCCS000
confeccionista confeccionista NCCS000
conferenciante conferenciante NCCS000
conferencista conferencista NCCS000
confidente confidente NCCS000
conformista conformista NCCS000
confucianista confucianista NCCS000
congregacionista congregacionista NCCS000
congresista congresista NCCS000
congruista congruista NCCS000
congénere congénere NCCS000
conimbricense conimbricense NCCS000
conquense conquense NCCS000
conserje conserje NCCS000
conservacionista conservacionista NCCS000
consorte consorte NCCS000
contable contable NCCS000
contendiente contendiente NCCS000
contorsionista contorsionista NCCS000
contra contra NCCS000
contrabandista contrabandista NCCS000
contrademandante contrademandante NCCS000
contralmirante contralmirante NCCS000
contralto contralto NCCS000
contraluz contraluz NCCS000
contramaestre contramaestre NCCS000
contrapuntista contrapuntista NCCS000
contrarrelojista contrarrelojista NCCS000
contratista contratista NCCS000
contrayente contrayente NCCS000
contribuyente contribuyente NCCS000
contrincante contrincante NCCS000
convaleciente convaleciente NCCS000
convergente convergente NCCS000
convocante convocante NCCS000
cooperante cooperante NCCS000
copartícipe copartícipe NCCS000
copiloto copiloto NCCS000
copista copista NCCS000
coplista coplista NCCS000
coprotagonista coprotagonista NCCS000
coral coral NCCS000
corazonista corazonista NCCS000
cordubense cordubense NCCS000
cornetista cornetista NCCS000
cornúpeta cornúpeta NCCS000
coronel coronel NCCS000
corregente corregente NCCS000
correspondiente correspondiente NCCS000
corresponsable corresponsable NCCS000
corresponsal corresponsal NCCS000
correveidile correveidile NCCS000
correísta correísta NCCS000
corsista corsista NCCS000
corte corte NCCS000
cosmonauta cosmonauta NCCS000
cosmopolita cosmopolita NCCS000
costarricense costarricense NCCS000
costumbrista costumbrista NCCS000
cotilla cotilla NCCS000
cotizante cotizante NCCS000
covachuelista covachuelista NCCS000
creacionista creacionista NCCS000
crepé crepé NCCS000
cretense cretense NCCS000
creyente creyente NCCS000
criminal criminal NCCS000
criminalista criminalista NCCS000
criptógama criptógama NCCS000
crisomonadal crisomonadal NCCS000
cristianodemócrata cristianodemócrata NCCS000
croata croata NCCS000
crolista crolista NCCS000
cronista cronista NCCS000
cronologista cronologista NCCS000
crucigramista crucigramista NCCS000
crupier crupier NCCS000
cuartofinalista cuartofinalista NCCS000
cuate cuate NCCS000
cubista cubista NCCS000
cucurbitácea cucurbitácea NCCS000
cuentacorrentista cuentacorrentista NCCS000
cuentadante cuentadante NCCS000
cuentapartícipe cuentapartícipe NCCS000
cuentista cuentista NCCS000
culi culi NCCS000
culpable culpable NCCS000
cultiparlista cultiparlista NCCS000
culé culé NCCS000
cura cura NCCS000
curial curial NCCS000
currante currante NCCS000
currinche currinche NCCS000
cursi cursi NCCS000
cursillista cursillista NCCS000
cuádruple cuádruple NCCS000
célibe célibe NCCS000
céntuple céntuple NCCS000
cócora cócora NCCS000
cólera cólera NCCS000
cómplice cómplice NCCS000
cónsul cónsul NCCS000
cónyuge cónyuge NCCS000
dacota dacota NCCS000
darwinista darwinista NCCS000
dat dat NCCS000
debutante debutante NCCS000
decadentista decadentista NCCS000
decembrista decembrista NCCS000
declarante declarante NCCS000
defensa defensa NCCS000
deficiente deficiente NCCS000
deicida deicida NCCS000
delincuente delincuente NCCS000
delineante delineante NCCS000
demandante demandante NCCS000
demente demente NCCS000
demo demo NCCS000
demócrata demócrata NCCS000
dental dental NCCS000
dentista dentista NCCS000
denunciante denunciante NCCS000
deponente deponente NCCS000
deportista deportista NCCS000
depositante depositante NCCS000
derechista derechista NCCS000
derechohabiente derechohabiente NCCS000
derrotista derrotista NCCS000
desbastador desbastador NCCS000
descendiente descendiente NCCS000
descortés descortés NCCS000
descriptivista descriptivista NCCS000
desleal desleal NCCS000
desoxigenante desoxigenante NCCS000
destajista destajista NCCS000
desviacionista desviacionista NCCS000
detallista detallista NCCS000
detective detective NCCS000
deverbal deverbal NCCS000
deísta deísta NCCS000
diamantista diamantista NCCS000
dibujante dibujante NCCS000
diccionarista diccionarista NCCS000
dietista dietista NCCS000
diletante diletante NCCS000
diluente diluente NCCS000
dinamista dinamista NCCS000
dingo dingo NCCS000
dipterocarpácea dipterocarpácea NCCS000
dirigente dirigente NCCS000
disciplinante disciplinante NCCS000
disculpante disculpante NCCS000
discursista discursista NCCS000
disertante disertante NCCS000
disgregante disgregante NCCS000
disidente disidente NCCS000
displicente displicente NCCS000
diteísta diteísta NCCS000
doble doble NCCS000
doblista doblista NCCS000
doceañista doceañista NCCS000
docente docente NCCS000
doceta doceta NCCS000
dogmatista dogmatista NCCS000
doliente doliente NCCS000
dominante dominante NCCS000
donante donante NCCS000
donatista donatista NCCS000
donostiarra donostiarra NCCS000
drogodependiente drogodependiente NCCS000
dualista dualista NCCS000
duelista duelista NCCS000
duetista duetista NCCS000
durmiente durmiente NCCS000
dálmata dálmata NCCS000
débil débil NCCS000
décuple décuple NCCS000
ebanista ebanista NCCS000
ebionita ebionita NCCS000
ecologista ecologista NCCS000
economista economista NCCS000
ecopacifista ecopacifista NCCS000
ecuatorial ecuatorial NCCS000
editorial editorial NCCS000
editorialista editorialista NCCS000
edulcorante edulcorante NCCS000
egarense egarense NCCS000
egotista egotista NCCS000
egoísta egoísta NCCS000
ególatra ególatra NCCS000
ejecutante ejecutante NCCS000
ejercitante ejercitante NCCS000
electricista electricista NCCS000
embargante embargante NCCS000
emblema emblema NCCS000
emeritense emeritense NCCS000
emigrante emigrante NCCS000
empirista empirista NCCS000
emétrope emétrope NCCS000
enciclopedista enciclopedista NCCS000
enclenque enclenque NCCS000
encomiasta encomiasta NCCS000
endosante endosante NCCS000
enfiteuta enfiteuta NCCS000
ensayista ensayista NCCS000
enseñante enseñante NCCS000
entremesista entremesista NCCS000
entrepuente entrepuente NCCS000
entusiasta entusiasta NCCS000
enzima enzima NCCS000
epigrafista epigrafista NCCS000
epigramista epigramista NCCS000
epirota epirota NCCS000
equilibrista equilibrista NCCS000
erasmista erasmista NCCS000
eremita eremita NCCS000
ergotista ergotista NCCS000
ergotizante ergotizante NCCS000
ertzaina ertzaina NCCS000
escafandrista escafandrista NCCS000
escanista escanista NCCS000
escaparatista escaparatista NCCS000
escapista escapista NCCS000
escayolista escayolista NCCS000
escita escita NCCS000
escolar escolar NCCS000
escoliasta escoliasta NCCS000
escolta escolta NCCS000
escotista escotista NCCS000
escribiente escribiente NCCS000
escurialense escurialense NCCS000
esgrimista esgrimista NCCS000
esnob esnob NCCS000
espadista espadista NCCS000
espaldista espaldista NCCS000
esparciata esparciata NCCS000
españolista españolista NCCS000
especialista especialista NCCS000
esperantista esperantista NCCS000
espinosista espinosista NCCS000
espiritista espiritista NCCS000
espiritualista espiritualista NCCS000
esprínter esprínter NCCS000
espía espía NCCS000
esquifista esquifista NCCS000
esquimal esquimal NCCS000
esquizoide esquizoide NCCS000
estabiliente estabiliente NCCS000
estadista estadista NCCS000
estadounidense estadounidense NCCS000
estalinista estalinista NCCS000
estenotipista estenotipista NCCS000
esteta esteta NCCS000
esteticista esteticista NCCS000
estilista estilista NCCS000
estilita estilita NCCS000
estraperlista estraperlista NCCS000
estratega estratega NCCS000
estructuralista estructuralista NCCS000
estuchista estuchista NCCS000
estudiante estudiante NCCS000
estufista estufista NCCS000
estuquista estuquista NCCS000
etarra etarra NCCS000
etimologista etimologista NCCS000
etiope etiope NCCS000
etologista etologista NCCS000
etíope etíope NCCS000
europeísta europeísta NCCS000
evangelista evangelista NCCS000
eventual eventual NCCS000
evolucionista evolucionista NCCS000
exazulgrana exazulgrana NCCS000
exbarcelonista exbarcelonista NCCS000
excombatiente excombatiente NCCS000
exculpante exculpante NCCS000
excursionista excursionista NCCS000
exdeportivista exdeportivista NCCS000
exegeta exegeta NCCS000
exhibicionista exhibicionista NCCS000
exigente exigente NCCS000
existencialista existencialista NCCS000
exnúmero exnúmero NCCS000
exodoncista exodoncista NCCS000
exorcista exorcista NCCS000
expansionista expansionista NCCS000
exponente exponente NCCS000
extorsionista extorsionista NCCS000
extra extra NCCS000
extraterrestre extraterrestre NCCS000
extravagante extravagante NCCS000
extremista extremista NCCS000
fabricante fabricante NCCS000
fabulista fabulista NCCS000
facha facha NCCS000
fachendista fachendista NCCS000
fagotista fagotista NCCS000
falangista falangista NCCS000
falconiforme falconiforme NCCS000
fan fan NCCS000
fana fana NCCS000
faquir faquir NCCS000
faraute faraute NCCS000
farrista farrista NCCS000
fascista fascista NCCS000
fatalista fatalista NCCS000
fatimí fatimí NCCS000
federalista federalista NCCS000
felipista felipista NCCS000
feliz feliz NCCS000
feminista feminista NCCS000
fenicoptérido fenicoptérido NCCS000
feriante feriante NCCS000
fetichista fetichista NCCS000
fideicomitente fideicomitente NCCS000
fiel fiel NCCS000
figuerense figuerense NCCS000
figurante figurante NCCS000
figurinista figurinista NCCS000
filatelista filatelista NCCS000
filial filial NCCS000
final final NCCS000
finalista finalista NCCS000
financista financista NCCS000
firmante firmante NCCS000
fiscal fiscal NCCS000
fiscalista fiscalista NCCS000
fisioterapeuta fisioterapeuta NCCS000
fisioterapista fisioterapista NCCS000
fisiócrata fisiócrata NCCS000
fisonomista fisonomista NCCS000
flautista flautista NCCS000
floculante floculante NCCS000
floretista floretista NCCS000
florista florista NCCS000
fluminense fluminense NCCS000
focense focense NCCS000
folclorista folclorista NCCS000
folklorista folklorista NCCS000
fondista fondista NCCS000
fonetista fonetista NCCS000
fonologista fonologista NCCS000
forense forense NCCS000
formalista formalista NCCS000
formulista formulista NCCS000
fotoperiodista fotoperiodista NCCS000
fox-terrier fox-terrier NCCS000
franquista franquista NCCS000
fratricida fratricida NCCS000
frente frente NCCS000
frenópata frenópata NCCS000
frontenista frontenista NCCS000
fucsia fucsia NCCS000
fuerista fuerista NCCS000
fulbe fulbe NCCS000
fumista fumista NCCS000
funambulista funambulista NCCS000
fundamentalista fundamentalista NCCS000
fungicida fungicida NCCS000
furierista furierista NCCS000
fusionista fusionista NCCS000
futbolista futbolista NCCS000
gacetista gacetista NCCS000
galenista galenista NCCS000
galerista galerista NCCS000
galicista galicista NCCS000
galiparlista galiparlista NCCS000
gamo gamo NCCS000
garante garante NCCS000
garrafal garrafal NCCS000
gasista gasista NCCS000
gaullista gaullista NCCS000
gay gay NCCS000
gaznawí gaznawí NCCS000
genealogista genealogista NCCS000
general general NCCS000
genetista genetista NCCS000
genocida genocida NCCS000
gentil gentil NCCS000
geodesista geodesista NCCS000
geodesta geodesta NCCS000
geognosta geognosta NCCS000
gerente gerente NCCS000
geriatra geriatra NCCS000
germanista germanista NCCS000
gerundense gerundense NCCS000
geta geta NCCS000
gigante gigante NCCS000
gijonense gijonense NCCS000
gilí gilí NCCS000
gimnasta gimnasta NCCS000
gobernante gobernante NCCS000
golfista golfista NCCS000
golpista golpista NCCS000
gomista gomista NCCS000
gongorista gongorista NCCS000
gorila gorila NCCS000
gorrista gorrista NCCS000
gourmet gourmet NCCS000
gourmé gourmé NCCS000
gozque gozque NCCS000
grafista grafista NCCS000
grande grande NCCS000
granuja granuja NCCS000
gremialista gremialista NCCS000
guadalajarense guadalajarense NCCS000
guaimí guaimí NCCS000
guaja guaja NCCS000
guajar guajar NCCS000
guanche guanche NCCS000
guaraní guaraní NCCS000
guarda guarda NCCS000
guardabarrera guardabarrera NCCS000
guardabosque guardabosque NCCS000
guardameta guardameta NCCS000
guardavía guardavía NCCS000
guardia guardia NCCS000
guionista guionista NCCS000
guitarrista guitarrista NCCS000
guti guti NCCS000
guía guía NCCS000
gálata gálata NCCS000
habiente habiente NCCS000
habitante habitante NCCS000
hablante hablante NCCS000
hablista hablista NCCS000
hacendista hacendista NCCS000
hachemita hachemita NCCS000
halterofilista halterofilista NCCS000
hausa hausa NCCS000
hazmerreír hazmerreír NCCS000
hebraizante hebraizante NCCS000
hebraísta hebraísta NCCS000
hedonista hedonista NCCS000
helenista helenista NCCS000
heraldista heraldista NCCS000
heredípeta heredípeta NCCS000
hereje hereje NCCS000
heresiarca heresiarca NCCS000
hermafrodita hermafrodita NCCS000
hermeneuta hermeneuta NCCS000
hernista hernista NCCS000
herpe herpe NCCS000
hidrante hidrante NCCS000
hidrómetra hidrómetra NCCS000
hidrópata hidrópata NCCS000
higienista higienista NCCS000
hincha hincha NCCS000
hindú hindú NCCS000
hipermétrope hipermétrope NCCS000
hipotecante hipotecante NCCS000
hippie hippie NCCS000
hippy hippie NCCS000
hipócrita hipócrita NCCS000
hispalense hispalense NCCS000
hispanista hispanista NCCS000
hispanohablante hispanohablante NCCS000
hitita hitita NCCS000
hockeísta hockeísta NCCS000
hojalde hojalde NCCS000
hojaldrista hojaldrista NCCS000
homeópata homeópata NCCS000
homicida homicida NCCS000
homosexual homosexual NCCS000
hooligan hooligan NCCS000
hortera hortera NCCS000
hudsoniense hudsoniense NCCS000
huelguista huelguista NCCS000
huk huk NCCS000
humanista humanista NCCS000
humorista humorista NCCS000
husita husita NCCS000
hutu hutu NCCS000
iconoclasta iconoclasta NCCS000
iconólatra iconólatra NCCS000
idealista idealista NCCS000
idiota idiota NCCS000
idólatra idólatra NCCS000
ignorante ignorante NCCS000
igorrote igorrote NCCS000
ilerdense ilerdense NCCS000
ilergete ilergete NCCS000
iluminista iluminista NCCS000
ilusionista ilusionista NCCS000
imbécil imbécil NCCS000
imparcial imparcial NCCS000
impenitente impenitente NCCS000
impertinente impertinente NCCS000
imponente imponente NCCS000
impresionista impresionista NCCS000
imprudente imprudente NCCS000
impúber impúber NCCS000
inasistente inasistente NCCS000
inca inca NCCS000
inch inch NCCS000
incondicional incondicional NCCS000
inconforme inconforme NCCS000
inconformista inconformista NCCS000
inconsciente inconsciente NCCS000
inconsecuente inconsecuente NCCS000
incurable incurable NCCS000
independentista independentista NCCS000
indeseable indeseable NCCS000
indeterminista indeterminista NCCS000
indianista indianista NCCS000
indiferente indiferente NCCS000
indigente indigente NCCS000
indigete indigete NCCS000
individualista individualista NCCS000
indostaní indostaní NCCS000
industrial industrial NCCS000
indígena indígena NCCS000
infame infame NCCS000
infanticida infanticida NCCS000
infeliz infeliz NCCS000
inferior inferior NCCS000
infidente infidente NCCS000
infiel infiel NCCS000
informal informal NCCS000
informante informante NCCS000
inga inga NCCS000
ingá ingá NCCS000
inhalante inhalante NCCS000
inmigrante inmigrante NCCS000
inmunizante inmunizante NCCS000
inocente inocente NCCS000
insipiente insipiente NCCS000
insolente insolente NCCS000
insolvente insolvente NCCS000
institucionista institucionista NCCS000
instrumentalista instrumentalista NCCS000
instrumentista instrumentista NCCS000
insurgente insurgente NCCS000
integracionista integracionista NCCS000
integrante integrante NCCS000
integrista integrista NCCS000
intelectual intelectual NCCS000
inteligente inteligente NCCS000
intendente intendente NCCS000
interfaz interfaz NCCS000
interiorista interiorista NCCS000
internacional internacional NCCS000
internacionalista internacionalista NCCS000
internauta internauta NCCS000
internista internista NCCS000
interrogante interrogante NCCS000
intocable intocable NCCS000
intolerante intolerante NCCS000
intrigante intrigante NCCS000
intérprete intérprete NCCS000
invariante invariante NCCS000
invernal invernal NCCS000
inversionista inversionista NCCS000
invidente invidente NCCS000
inútil inútil NCCS000
iraní iraní NCCS000
iraquí iraquí NCCS000
ironista ironista NCCS000
irracional irracional NCCS000
irredentista irredentista NCCS000
irresponsable irresponsable NCCS000
irreverente irreverente NCCS000
irritante irritante NCCS000
islamista islamista NCCS000
islamita islamita NCCS000
ismaelita ismaelita NCCS000
israelita israelita NCCS000
israelí israelí NCCS000
izquierdista izquierdista NCCS000
iñiguista iñiguista NCCS000
jacobita jacobita NCCS000
jansenista jansenista NCCS000
jazzista jazzista NCCS000
jefe jefe NCCS000
jemer jemer NCCS000
jiennense jiennense NCCS000
jingoísta jingoísta NCCS000
jockey jockey NCCS000
jorobeta jorobeta NCCS000
joven joven NCCS000
judaizante judaizante NCCS000
juerguista juerguista NCCS000
juez juez NCCS000
junior junior NCCS000
jurista jurista NCCS000
justicialista justicialista NCCS000
juvenil juvenil NCCS000
júnior júnior NCCS000
kamikaze kamikaze NCCS000
karateca karateca NCCS000
karateka karateka NCCS000
kayakista kayakista NCCS000
khmer khmer NCCS000
krausista krausista NCCS000
kuwaití kuwaití NCCS000
laborista laborista NCCS000
lactante lactante NCCS000
laicista laicista NCCS000
lamarquista lamarquista NCCS000
lamaísta lamaísta NCCS000
lamparista lamparista NCCS000
lampista lampista NCCS000
lateral lateral NCCS000
latifundista latifundista NCCS000
latinista latinista NCCS000
laxista laxista NCCS000
laísta laísta NCCS000
leal leal NCCS000
lealista lealista NCCS000
leccionista leccionista NCCS000
legionense legionense NCCS000
legista legista NCCS000
legitimista legitimista NCCS000
lehendakari lehendakari NCCS000
lemnícola lemnícola NCCS000
lenguaraz lenguaraz NCCS000
leninista leninista NCCS000
lente lente NCCS000
lerense lerense NCCS000
letrista letrista NCCS000
leísta leísta NCCS000
libelista libelista NCCS000
liberal liberal NCCS000
liberticida liberticida NCCS000
librancista librancista NCCS000
librante librante NCCS000
librecambista librecambista NCCS000
libretista libretista NCCS000
liceísta liceísta NCCS000
licitante licitante NCCS000
licorista licorista NCCS000
ligur ligur NCCS000
lila lila NCCS000
liliputiense liliputiense NCCS000
linajista linajista NCCS000
linde linde NCCS000
lingüista lingüista NCCS000
linier linier NCCS000
linotipista linotipista NCCS000
lisboeta lisboeta NCCS000
lisbonense lisbonense NCCS000
litigante litigante NCCS000
litisconsorte litisconsorte NCCS000
litri litri NCCS000
liturgista liturgista NCCS000
llorica llorica NCCS000
localista localista NCCS000
londinense londinense NCCS000
lonjista lonjista NCCS000
lopista lopista NCCS000
loísta loísta NCCS000
lubrificante lubrificante NCCS000
lucense lucense NCCS000
lugarteniente lugarteniente NCCS000
lulista lulista NCCS000
líder líder NCCS000
macarra macarra NCCS000
machista machista NCCS000
madagascarí madagascarí NCCS000
maderense maderense NCCS000
madianita madianita NCCS000
madridista madridista NCCS000
madrigalista madrigalista NCCS000
magiar magiar NCCS000
magnate magnate NCCS000
magnicida magnicida NCCS000
magrebí magrebí NCCS000
mahdi mahdi NCCS000
mahdí mahdí NCCS000
mahometista mahometista NCCS000
majareta majareta NCCS000
malabar malabar NCCS000
malabarista malabarista NCCS000
malapata malapata NCCS000
malasangre malasangre NCCS000
malasombra malasombra NCCS000
maldiciente maldiciente NCCS000
maleante maleante NCCS000
malgache malgache NCCS000
mallorquinista mallorquinista NCCS000
malvinense malvinense NCCS000
manager manager NCCS000
manchú manchú NCCS000
mandamás mandamás NCCS000
mandinga mandinga NCCS000
mandingo mandingo NCCS000
mandria mandria NCCS000
mangante mangante NCCS000
manicurista manicurista NCCS000
manifestante manifestante NCCS000
maniobrista maniobrista NCCS000
maniquí maniquí NCCS000
maori maori NCCS000
maorí maorí NCCS000
maquetista maquetista NCCS000
maquiavelista maquiavelista NCCS000
maquinista maquinista NCCS000
mar mar NCCS000
maratón maratón NCCS000
marchante marchante NCCS000
margen margen NCCS000
marinista marinista NCCS000
mariní mariní NCCS000
mariquita mariquita NCCS000
marista marista NCCS000
marmolista marmolista NCCS000
maronita maronita NCCS000
marquista marquista NCCS000
marroquí marroquí NCCS000
marxista marxista NCCS000
marxistaleninista marxistaleninista NCCS000
masajista masajista NCCS000
masoquista masoquista NCCS000
matabuey matabuey NCCS000
mataronense mataronense NCCS000
materialista materialista NCCS000
matinal matinal NCCS000
matraquista matraquista NCCS000
matricida matricida NCCS000
matritense matritense NCCS000
maximalista maximalista NCCS000
maya maya NCCS000
mayor mayor NCCS000
mayorista mayorista NCCS000
mañana mañana NCCS000
medallista medallista NCCS000
medicoforense medicoforense NCCS000
medievalista medievalista NCCS000
medioambientalista medioambientalista NCCS000
mediocampista mediocampista NCCS000
mediocre mediocre NCCS000
mediofondista mediofondista NCCS000
mediopensionista mediopensionista NCCS000
medium médium NCCS000
meggiorista meggiorista NCCS000
melanoderma melanoderma NCCS000
melillense melillense NCCS000
melkita melkita NCCS000
melodista melodista NCCS000
memorialista memorialista NCCS000
memorista memorista NCCS000
menchevique menchevique NCCS000
mendaz mendaz NCCS000
mendicante mendicante NCCS000
menor menor NCCS000
mequetrefe mequetrefe NCCS000
mercantilista mercantilista NCCS000
merchante merchante NCCS000
meridional meridional NCCS000
merodista merodista NCCS000
metalista metalista NCCS000
metalurgista metalurgista NCCS000
meteorologista meteorologista NCCS000
metodista metodista NCCS000
metomentodo metomentodo NCCS000
metrista metrista NCCS000
mexica mexica NCCS000
microlente microlente NCCS000
micronutriente micronutriente NCCS000
milanista milanista NCCS000
milenarista milenarista NCCS000
militante militante NCCS000
militar militar NCCS000
militarista militarista NCCS000
mineralogista mineralogista NCCS000
minervista minervista NCCS000
miniaturista miniaturista NCCS000
minifundista minifundista NCCS000
minimista minimista NCCS000
ministerial ministerial NCCS000
ministrante ministrante NCCS000
minorista minorista NCCS000
miope miope NCCS000
mirobrigense mirobrigense NCCS000
miserable miserable NCCS000
misoneísta misoneísta NCCS000
mister mister NCCS000
mitologista mitologista NCCS000
moabita moabita NCCS000
mochica mochica NCCS000
modelista modelista NCCS000
modelo modelo NCCS000
modernista modernista NCCS000
modificante modificante NCCS000
mogataz mogataz NCCS000
mole mole NCCS000
monarca monarca NCCS000
monetarista monetarista NCCS000
mongoloide mongoloide NCCS000
monista monista NCCS000
monofisita monofisita NCCS000
monogenista monogenista NCCS000
monografista monografista NCCS000
monometalista monometalista NCCS000
monopolista monopolista NCCS000
monoteísta monoteísta NCCS000
monotipista monotipista NCCS000
montanista montanista NCCS000
montante montante NCCS000
moralista moralista NCCS000
mortal mortal NCCS000
mosaísta mosaísta NCCS000
moscovita moscovita NCCS000
motard motard NCCS000
motociclista motociclista NCCS000
motorista motorista NCCS000
mozárabe mozárabe NCCS000
mu mu NCCS000
mudéjar mudéjar NCCS000
mueblista mueblista NCCS000
muladí muladí NCCS000
multiinstrumentista multiinstrumentista NCCS000
murguista murguista NCCS000
muslime muslime NCCS000
mutante mutante NCCS000
mutualista mutualista NCCS000
mánager mánager NCCS000
mártir mártir NCCS000
médico médico NCCS000
médium médium NCCS000
naborí naborí NCCS000
nacionalista nacionalista NCCS000
naguatle naguatle NCCS000
nahuatle nahuatle NCCS000
naranja naranja NCCS000
narbonense narbonense NCCS000
narcisista narcisista NCCS000
narco narco NCCS000
narcotraficante narcotraficante NCCS000
natural natural NCCS000
naturalista naturalista NCCS000
naturista naturista NCCS000
navegante navegante NCCS000
nazarita nazarita NCCS000
nazarí nazarí NCCS000
nazi nazi NCCS000
negligente negligente NCCS000
negroide negroide NCCS000
neofascista neofascista NCCS000
neonazi neonazi NCCS000
nepalí nepalí NCCS000
neurópata neurópata NCCS000
neutralista neutralista NCCS000
nicaragüense nicaragüense NCCS000
nictálope nictálope NCCS000
nigromante nigromante NCCS000
nihilista nihilista NCCS000
ninfeácea ninfeácea NCCS000
ninivita ninivita NCCS000
nizarí nizarí NCCS000
noble noble NCCS000
normalista normalista NCCS000
notable notable NCCS000
novel novel NCCS000
novelista novelista NCCS000
nudista nudista NCCS000
nutricionista nutricionista NCCS000
náguatle náguatle NCCS000
náhuatle náhuatle NCCS000
nómada nómada NCCS000
nónuple nónuple NCCS000
númida númida NCCS000
obligacionista obligacionista NCCS000
obscurantista obscurantista NCCS000
obsequiante obsequiante NCCS000
observante observante NCCS000
occidental occidental NCCS000
octante octante NCCS000
ocularista ocularista NCCS000
oculista oculista NCCS000
ocultista ocultista NCCS000
ocupante ocupante NCCS000
ofertante ofertante NCCS000
oficial oficial NCCS000
oficialista oficialista NCCS000
oficinista oficinista NCCS000
ofrendante ofrendante NCCS000
ojibwa ojibwa NCCS000
okupa okupa NCCS000
oleácea oleácea NCCS000
oligarca oligarca NCCS000
olmeca olmeca NCCS000
omagua omagua NCCS000
omaní omaní NCCS000
omeya omeya NCCS000
onubense onubense NCCS000
oomicetal oomicetal NCCS000
opa opa NCCS000
operista operista NCCS000
oponente oponente NCCS000
oportunista oportunista NCCS000
optometrista optometrista NCCS000
orate orate NCCS000
orden orden NCCS000
ordenancista ordenancista NCCS000
ordenante ordenante NCCS000
ordenanza ordenanza NCCS000
ordoviciense ordoviciense NCCS000
orfebre orfebre NCCS000
orfeonista orfeonista NCCS000
organista organista NCCS000
oriental oriental NCCS000
orientalista orientalista NCCS000
orleanista orleanista NCCS000
ortopeda ortopeda NCCS000
ortopedista ortopedista NCCS000
oscense oscense NCCS000
oscurantista oscurantista NCCS000
osmanlí osmanlí NCCS000
otomí otomí NCCS000
otorgante otorgante NCCS000
otoñal otoñal NCCS000
ovetense ovetense NCCS000
ovoide ovoide NCCS000
oyente oyente NCCS000
pacense pacense NCCS000
paciente paciente NCCS000
pacifista pacifista NCCS000
pactante pactante NCCS000
paisajista paisajista NCCS000
pakistani pakistani NCCS000
pakistaní pakistaní NCCS000
palabrista palabrista NCCS000
palazón palazón NCCS000
paletista paletista NCCS000
palista palista NCCS000
palmense palmense NCCS000
pampa pampa NCCS000
pamplonica pamplonica NCCS000
pamue pamue NCCS000
pamué pamué NCCS000
panafricanista panafricanista NCCS000
panamericanista panamericanista NCCS000
panarra panarra NCCS000
pancatalanista pancatalanista NCCS000
pancellar pancellar NCCS000
pancista pancista NCCS000
pandillista pandillista NCCS000
panegirista panegirista NCCS000
panfletista panfletista NCCS000
pangermanista pangermanista NCCS000
panoli panoli NCCS000
panormitano panormitano NCCS000
panteísta panteísta NCCS000
paparote paparote NCCS000
papelista papelista NCCS000
papista papista NCCS000
papú papú NCCS000
paquistaní paquistaní NCCS000
paraca paraca NCCS000
paracaidista paracaidista NCCS000
parafascista parafascista NCCS000
parafraste parafraste NCCS000
parapoco parapoco NCCS000
parasiticida parasiticida NCCS000
paria paria NCCS000
pariente pariente NCCS000
parisiense parisiense NCCS000
parodista parodista NCCS000
parricida parricida NCCS000
parte parte NCCS000
participante participante NCCS000
particular particular NCCS000
partidista partidista NCCS000
partícipe partícipe NCCS000
parvulista parvulista NCCS000
pasadía pasadía NCCS000
pasante pasante NCCS000
paseante paseante NCCS000
pasota pasota NCCS000
pastelista pastelista NCCS000
paternalista paternalista NCCS000
patriota patriota NCCS000
paulista paulista NCCS000
pecante pecante NCCS000
pedante pedante NCCS000
pederasta pederasta NCCS000
pediatra pediatra NCCS000
peggiorista peggiorista NCCS000
pelambre pelambre NCCS000
pelete pelete NCCS000
pelma pelma NCCS000
peloponense peloponense NCCS000
pelotari pelotari NCCS000
pelotilla pelotilla NCCS000
penalista penalista NCCS000
pendiente pendiente NCCS000
pendolista pendolista NCCS000
pendonista pendonista NCCS000
peneuvista peneuvista NCCS000
peninsular peninsular NCCS000
penitente penitente NCCS000
pensionista pensionista NCCS000
pentatleta pentatleta NCCS000
peque peque NCCS000
percusionista percusionista NCCS000
perforista perforista NCCS000
perfumista perfumista NCCS000
periodista periodista NCCS000
periodontista periodontista NCCS000
peronista peronista NCCS000
persa persa NCCS000
persevante persevante NCCS000
persianista persianista NCCS000
personalista personalista NCCS000
pertigal pertigal NCCS000
pertiguista pertiguista NCCS000
pesimista pesimista NCCS000
pesista pesista NCCS000
petanquista petanquista NCCS000
petardista petardista NCCS000
petrarquista petrarquista NCCS000
petulante petulante NCCS000
pez pez NCCS000
peñista peñista NCCS000
pianista pianista NCCS000
pied-noir pied-noir NCCS000
piedemonte piedemonte NCCS000
piednoir piednoir NCCS000
pietista pietista NCCS000
pillastre pillastre NCCS000
pillete pillete NCCS000
piloto piloto NCCS000
pinche pinche NCCS000
pingpongista pingpongista NCCS000
pinjante pinjante NCCS000
pipínida pipínida NCCS000
piragüista piragüista NCCS000
pirata pirata NCCS000
piripi piripi NCCS000
planchista planchista NCCS000
planetícola planetícola NCCS000
plantista plantista NCCS000
plasta plasta NCCS000
platense platense NCCS000
platinista platinista NCCS000
pleitista pleitista NCCS000
plumista plumista NCCS000
pluralista pluralista NCCS000
plusmarquista plusmarquista NCCS000
plutonista plutonista NCCS000
plutócrata plutócrata NCCS000
pobre pobre NCCS000
poderdante poderdante NCCS000
poderhabiente poderhabiente NCCS000
pointer pointer NCCS000
polemista polemista NCCS000
policía policía NCCS000
poligenista poligenista NCCS000
polista polista NCCS000
polizonte polizonte NCCS000
polvorilla polvorilla NCCS000
ponente ponente NCCS000
populista populista NCCS000
portapaz portapaz NCCS000
portavoz portavoz NCCS000
posibilista posibilista NCCS000
positivista positivista NCCS000
postverbal postverbal NCCS000
posverbal posverbal NCCS000
potril potril NCCS000
practicante practicante NCCS000
pradal pradal NCCS000
pragmatista pragmatista NCCS000
preadamita preadamita NCCS000
precarista precarista NCCS000
preceptista preceptista NCCS000
preciosista preciosista NCCS000
predelincuente predelincuente NCCS000
predicante predicante NCCS000
preliminar preliminar NCCS000
premier premier NCCS000
premonstratense premonstratense NCCS000
prensista prensista NCCS000
preopinante preopinante NCCS000
presidencialista presidencialista NCCS000
prestamista prestamista NCCS000
pretendiente pretendiente NCCS000
prez prez NCCS000
principiante principiante NCCS000
pringue pringue NCCS000
priscilianista priscilianista NCCS000
probabilista probabilista NCCS000
procónsul procónsul NCCS000
proel proel NCCS000
prof profesor NCCS000
profesional profesional NCCS000
profeta profeta NCCS000
progre progre NCCS000
progresista progresista NCCS000
prologuista prologuista NCCS000
promovente promovente NCCS000
propagandista propagandista NCCS000
proponente proponente NCCS000
propulsante propulsante NCCS000
proselitista proselitista NCCS000
prosista prosista NCCS000
protagonista protagonista NCCS000
proteccionista proteccionista NCCS000
protesista protesista NCCS000
protestante protestante NCCS000
provenzal provenzal NCCS000
provenzalista provenzalista NCCS000
proverbista proverbista NCCS000
providencialista providencialista NCCS000
provo provo NCCS000
proxeneta proxeneta NCCS000
proyectista proyectista NCCS000
présbita présbita NCCS000
présbite présbite NCCS000
psicoanalista psicoanalista NCCS000
psicópata psicópata NCCS000
psiquiatra psiquiatra NCCS000
publicista publicista NCCS000
pudiente pudiente NCCS000
pugilista pugilista NCCS000
pullista pullista NCCS000
puntillista puntillista NCCS000
puntista puntista NCCS000
purista purista NCCS000
pusilánime pusilánime NCCS000
pívot pívot NCCS000
púber púber NCCS000
quechua quechua NCCS000
quejica quejica NCCS000
querellante querellante NCCS000
quichua quichua NCCS000
quiché quiché NCCS000
quietista quietista NCCS000
quimerista quimerista NCCS000
quinielista quinielista NCCS000
quinqui quinqui NCCS000
quintacolumnista quintacolumnista NCCS000
quiropodista quiropodista NCCS000
qurayshí qurayshí NCCS000
quíntuple quíntuple NCCS000
rabassaire rabassaire NCCS000
rabinista rabinista NCCS000
racionalista racionalista NCCS000
racionista racionista NCCS000
racista racista NCCS000
radarista radarista NCCS000
radicalsocialista radicalsocialista NCCS000
radiestesista radiestesista NCCS000
radio radio NCCS000
radioescucha radioescucha NCCS000
radiofonista radiofonista NCCS000
radioguía radioguía NCCS000
radiotelefonista radiotelefonista NCCS000
radiotelegrafista radiotelegrafista NCCS000
radioterapista radioterapista NCCS000
radioyente radioyente NCCS000
rajá rajá NCCS000
rapaz rapaz NCCS000
raquetista raquetista NCCS000
raticida raticida NCCS000
rebelde rebelde NCCS000
recadista recadista NCCS000
recental recental NCCS000
recentín recentín NCCS000
recepcionista recepcionista NCCS000
reclamante reclamante NCCS000
recordista recordista NCCS000
recusante recusante NCCS000
redentorista redentorista NCCS000
redoblante redoblante NCCS000
referente referente NCCS000
reformista reformista NCCS000
regalista regalista NCCS000
regante regante NCCS000
regatista regatista NCCS000
regeneracionista regeneracionista NCCS000
regente regente NCCS000
regicida regicida NCCS000
regionalista regionalista NCCS000
registrante registrante NCCS000
regnícola regnícola NCCS000
rehén rehén NCCS000
reincidente reincidente NCCS000
relativista relativista NCCS000
relevista relevista NCCS000
remitente remitente NCCS000
remontista remontista NCCS000
renacentista renacentista NCCS000
rentista rentista NCCS000
renunciante renunciante NCCS000
repentista repentista NCCS000
replicante replicante NCCS000
reportista reportista NCCS000
representante representante NCCS000
requirente requirente NCCS000
requiriente requiriente NCCS000
reserva reserva NCCS000
reservista reservista NCCS000
residente residente NCCS000
resistencialista resistencialista NCCS000
resolvente resolvente NCCS000
responsable responsable NCCS000
retratista retratista NCCS000
reusense reusense NCCS000
revisionista revisionista NCCS000
rigorista rigorista NCCS000
rioplatense rioplatense NCCS000
ritualista ritualista NCCS000
rival rival NCCS000
rodiota rodiota NCCS000
rollista rollista NCCS000
romancerista romancerista NCCS000
romancista romancista NCCS000
romanista romanista NCCS000
romaní romaní NCCS000
rosa rosa NCCS000
roterodamense roterodamense NCCS000
rotulista rotulista NCCS000
rubial rubial NCCS000
rubricista rubricista NCCS000
rubriquista rubriquista NCCS000
rupturista rupturista NCCS000
sabadellense sabadellense NCCS000
sablista sablista NCCS000
sacadinero sacadinero NCCS000
sacramental sacramental NCCS000
sadi sadi NCCS000
sadomasoquista sadomasoquista NCCS000
safawí safawí NCCS000
saharaui saharaui NCCS000
sainetista sainetista NCCS000
saldista saldista NCCS000
saliente saliente NCCS000
salmanticense salmanticense NCCS000
salmista salmista NCCS000
samaní samaní NCCS000
samnita samnita NCCS000
sandinista sandinista NCCS000
sangregorda sangregorda NCCS000
sanie sanie NCCS000
sanscritista sanscritista NCCS000
sansirolé sansirolé NCCS000
santanderiense santanderiense NCCS000
santiaguista santiaguista NCCS000
sapiente sapiente NCCS000
sardanista sardanista NCCS000
sardicense sardicense NCCS000
sargónida sargónida NCCS000
sarista sarista NCCS000
satanista satanista NCCS000
saudí saudí NCCS000
saxofonista saxofonista NCCS000
secesionista secesionista NCCS000
secretista secretista NCCS000
secuestrante secuestrante NCCS000
secular secular NCCS000
sefardita sefardita NCCS000
sefardí sefardí NCCS000
seglar seglar NCCS000
segoviense segoviense NCCS000
segregacionista segregacionista NCCS000
selyuqí selyuqí NCCS000
seléucida seléucida NCCS000
semantista semantista NCCS000
semejante semejante NCCS000
semifinalista semifinalista NCCS000
semilibre semilibre NCCS000
seminómada seminómada NCCS000
semita semita NCCS000
semitista semitista NCCS000
senderista senderista NCCS000
senior senior NCCS000
sensacionalista sensacionalista NCCS000
sensualista sensualista NCCS000
sentimental sentimental NCCS000
seo seo NCCS000
separatista separatista NCCS000
serbocroata serbocroata NCCS000
sereno sereno NCCS000
seropositivo seropositivo NCCS000
servocroata servocroata NCCS000
seudohermafrodita seudohermafrodita NCCS000
sevillista sevillista NCCS000
sexista sexista NCCS000
seó seó NCCS000
shií shií NCCS000
sibarita sibarita NCCS000
sicoanalista sicoanalista NCCS000
sicópata sicópata NCCS000
simbolista simbolista NCCS000
simpatizante simpatizante NCCS000
simple simple NCCS000
simplicista simplicista NCCS000
simplista simplista NCCS000
sindicalista sindicalista NCCS000
sinfonista sinfonista NCCS000
sinsustancia sinsustancia NCCS000
sinvergüenza sinvergüenza NCCS000
sionista sionista NCCS000
siquiatra siquiatra NCCS000
skiffista skiffista NCCS000
skin skin NCCS000
skinhead skinhead NCCS000
snob snob NCCS000
sobreguarda sobreguarda NCCS000
sobresaliente sobresaliente NCCS000
sobrestante sobrestante NCCS000
sobreviviente sobreviviente NCCS000
socialdemócrata socialdemócrata NCCS000
socialista socialista NCCS000
sociolingüista sociolingüista NCCS000
socorrista socorrista NCCS000
sodomita sodomita NCCS000
sofista sofista NCCS000
sofí sofí NCCS000
solfista solfista NCCS000
solicitante solicitante NCCS000
solista solista NCCS000
somalí somalí NCCS000
sondista sondista NCCS000
sonetista sonetista NCCS000
songhay songhay NCCS000
sonorense sonorense NCCS000
sonriente sonriente NCCS000
soprano soprano NCCS000
sosaina sosaina NCCS000
speaker speaker NCCS000
sponsor sponsor NCCS000
sport sport NCCS000
sprinter sprinter NCCS000
squatter squatter NCCS000
suahili suahili NCCS000
suavizante suavizante NCCS000
subagente subagente NCCS000
subcontratante subcontratante NCCS000
subdominante subdominante NCCS000
subgarante subgarante NCCS000
subintendente subintendente NCCS000
submarinista submarinista NCCS000
subnormal subnormal NCCS000
subtangente subtangente NCCS000
subteniente subteniente NCCS000
sudista sudista NCCS000
sufista sufista NCCS000
sufragista sufragista NCCS000
sufí sufí NCCS000
suicida suicida NCCS000
sunní sunní NCCS000
suní suní NCCS000
superagente superagente NCCS000
superintendente superintendente NCCS000
superviviente superviviente NCCS000
suplente suplente NCCS000
suplicante suplicante NCCS000
surfista surfista NCCS000
surrealista surrealista NCCS000
sutra sutra NCCS000
sármata sármata NCCS000
sènior sènior NCCS000
séneca séneca NCCS000
séptuple séptuple NCCS000
séxtuple séxtuple NCCS000
súper súper NCCS000
tabaquista tabaquista NCCS000
tabardete tabardete NCCS000
taborita taborita NCCS000
taekwondista taekwondista NCCS000
talabricense talabricense NCCS000
tallista tallista NCCS000
talmudista talmudista NCCS000
tanguista tanguista NCCS000
tapuya tapuya NCCS000
tarambana tarambana NCCS000
tarraconense tarraconense NCCS000
tarrasense tarrasense NCCS000
tartaja tartaja NCCS000
taxidermista taxidermista NCCS000
taxista taxista NCCS000
taxonomista taxonomista NCCS000
teclista teclista NCCS000
tecnócrata tecnócrata NCCS000
tehuelche tehuelche NCCS000
telefonista telefonista NCCS000
telegrafista telegrafista NCCS000
televidente televidente NCCS000
templista templista NCCS000
teniente teniente NCCS000
tenista tenista NCCS000
tentenelaire tentenelaire NCCS000
terapeuta terapeuta NCCS000
tercenista tercenista NCCS000
tercermundista tercermundista NCCS000
terminal terminal NCCS000
terminista terminista NCCS000
terrateniente terrateniente NCCS000
terrorista terrorista NCCS000
terrícola terrícola NCCS000
tesaliense tesaliense NCCS000
testificante testificante NCCS000
testigo testigo NCCS000
tetuaní tetuaní NCCS000
textualista textualista NCCS000
teísta teísta NCCS000
thai thai NCCS000
timurí timurí NCCS000
timócrata timócrata NCCS000
tipista tipista NCCS000
tiple tiple NCCS000
tiranicida tiranicida NCCS000
titular titular NCCS000
tlaxcalteca tlaxcalteca NCCS000
tolteca tolteca NCCS000
tomista tomista NCCS000
tontaina tontaina NCCS000
toponimista toponimista NCCS000
tornatrás tornatrás NCCS000
torpedista torpedista NCCS000
tortozón tortozón NCCS000
tory tory NCCS000
totalitarista totalitarista NCCS000
tracista tracista NCCS000
tractorista tractorista NCCS000
trademark trademark NCCS000
tradicionalista tradicionalista NCCS000
trafalmeja trafalmeja NCCS000
traficante traficante NCCS000
tramoyista tramoyista NCCS000
trampista trampista NCCS000
transeúnte transeúnte NCCS000
transnacionalista transnacionalista NCCS000
transportista transportista NCCS000
transversal transversal NCCS000
trapacista trapacista NCCS000
trapecista trapecista NCCS000
trapense trapense NCCS000
trapisondista trapisondista NCCS000
trashumante trashumante NCCS000
trasportista trasportista NCCS000
tratadista tratadista NCCS000
tratante tratante NCCS000
travesti travesti NCCS000
tresdoble tresdoble NCCS000
tresillista tresillista NCCS000
tributante tributante NCCS000
trinchante trinchante NCCS000
triplista triplista NCCS000
tripulante tripulante NCCS000
troglodita troglodita NCCS000
trompetista trompetista NCCS000
tronquista tronquista NCCS000
tropelista tropelista NCCS000
troquelista troquelista NCCS000
trotskista trotskista NCCS000
trovista trovista NCCS000
tránsfuga tránsfuga NCCS000
trásfuga trásfuga NCCS000
tunante tunante NCCS000
tunarra tunarra NCCS000
tunecí tunecí NCCS000
tungus tungus NCCS000
tupí-guaraní tupí-guaraní NCCS000
tupíguaraní tupíguaraní NCCS000
turcople turcople NCCS000
turinense turinense NCCS000
turista turista NCCS000
turolense turolense NCCS000
turonense turonense NCCS000
tutsi tutsi NCCS000
ultra ultra NCCS000
ultraderechista ultraderechista NCCS000
ultraizquierdista ultraizquierdista NCCS000
ultranacionalista ultranacionalista NCCS000
uncial uncial NCCS000
unicaja unicaja NCCS000
unionista unionista NCCS000
universalista universalista NCCS000
urbanista urbanista NCCS000
urbanita urbanita NCCS000
usía usía NCCS000
utilitarista utilitarista NCCS000
utraquista utraquista NCCS000
valdense valdense NCCS000
valencianista valencianista NCCS000
valiente valiente NCCS000
vallista vallista NCCS000
vanilocuente vanilocuente NCCS000
vascuence vascuence NCCS000
vaticanista vaticanista NCCS000
velocipedista velocipedista NCCS000
velocista velocista NCCS000
venerable venerable NCCS000
ventajista ventajista NCCS000
veraneante veraneante NCCS000
verbalista verbalista NCCS000
verista verista NCCS000
veronense veronense NCCS000
versista versista NCCS000
vertiente vertiente NCCS000
viajante viajante NCCS000
viandante viandante NCCS000
vicealmirante vicealmirante NCCS000
vicecanciller vicecanciller NCCS000
vicecónsul vicecónsul NCCS000
vicegerente vicegerente NCCS000
viceportavoz viceportavoz NCCS000
vidente vidente NCCS000
vietnamita vietnamita NCCS000
vigilante vigilante NCCS000
vihuelista vihuelista NCCS000
vil vil NCCS000
vinícola vinícola NCCS000
violeta violeta NCCS000
violinista violinista NCCS000
violista violista NCCS000
violoncelista violoncelista NCCS000
violonchelista violonchelista NCCS000
virgen virgen NCCS000
virgo virgo NCCS000
visitante visitante NCCS000
vitalicista vitalicista NCCS000
vitalista vitalista NCCS000
viverista viverista NCCS000
viviente viviente NCCS000
vizcaitarra vizcaitarra NCCS000
vocabulista vocabulista NCCS000
vocal vocal NCCS000
vocalista vocalista NCCS000
vodca vodca NCCS000
vodka vodka NCCS000
votante votante NCCS000
vuecelencia vuecelencia NCCS000
vuecencia vuecencia NCCS000
vulcanista vulcanista NCCS000
wahhabí wahhabí NCCS000
waterpolista waterpolista NCCS000
wau wau NCCS000
wichita wichita NCCS000
xilofonista xilofonista NCCS000
xueta xueta NCCS000
yanacona yanacona NCCS000
yankee yankee NCCS000
yanqui yanqui NCCS000
yemenita yemenita NCCS000
yemení yemení NCCS000
yudogui yudogui NCCS000
yudoka yudoka NCCS000
zairense zairense NCCS000
zapatista zapatista NCCS000
zarabandista zarabandista NCCS000
zaragate zaragate NCCS000
zaragocista zaragocista NCCS000
zarista zarista NCCS000
zarzuelista zarzuelista NCCS000
zegrí zegrí NCCS000
zelota zelota NCCS000
zeugma zeugma NCCS000
zote zote NCCS000
zulú zulú NCCS000
zurriburri zurriburri NCCS000
ácrata ácrata NCCS000
álterego álterego NCCS000
ándida ándida NCCS000
árabe árabe NCCS000
árabe-israelí árabe-israelí NCCS000
óctuple óctuple NCCS000
